{"chunk_definitions":[{"row":35,"row_count":1,"visible":true,"expansion_state":0,"options":{"engine":"r","label":"unnamed-chunk-26","dev":"png"},"document_id":"6A4FD5F9","chunk_id":"cwf0iiufy7ofo","chunk_label":"unnamed-chunk-1"},{"row":43,"row_count":1,"visible":true,"expansion_state":0,"options":{"engine":"r","label":"unnamed-chunk-3","dev":"png"},"document_id":"6A4FD5F9","chunk_id":"ch1bay6qkrgl6","chunk_label":"unnamed-chunk-2"},{"row":56,"row_count":1,"visible":true,"expansion_state":0,"options":{"engine":"r","label":"unnamed-chunk-5","dev":"png"},"document_id":"6A4FD5F9","chunk_id":"cv6l1dvo5s03o","chunk_label":"unnamed-chunk-5"}],"doc_write_time":1746656046,"chunk_rendered_width":496}